Area,Numerator,Denominator,Unemployment rate - aged 16+,Conf,Numerator,Denominator,Unemployment rate - aged 16-64,Conf,Numerator,Denominator,Unemployment rate - aged 16-19,Conf,Numerator,Denominator,Unemployment rate - aged 20-24,Conf,Numerator,Denominator,Unemployment rate - aged 25-34,Conf,Numerator,Denominator,Unemployment rate - aged 35-49,Conf,Numerator,Denominator,Unemployment rate males - aged 16+,Conf,Numerator,Denominator,Unemployment rate males - aged 16-64,Conf,Numerator,Denominator,Unemployment rate males - aged 16-19,Conf,Numerator,Denominator,Unemployment rate males - aged 20-24,Conf,Numerator,Denominator,Unemployment rate males - aged 25-34,Conf,Numerator,Denominator,Unemployment rate males - aged 35-49,Conf,Numerator,Denominator,Unemployment rate females - aged 16+,Conf,Numerator,Denominator,Unemployment rate females - aged 16-64,Conf,Numerator,Denominator,Unemployment rate females - aged 16-19,Conf,Numerator,Denominator,Unemployment rate females - aged 20-24,Conf,Numerator,Denominator,Unemployment rate females - aged 25-34,Conf,Numerator,Denominator,Unemployment rate females - aged 35-49,Conf
,,,,,,,,,,,,,,,,,,,,,,,,,,,,,,,,,,,,,,,,,,,,,,,,,,,,,,,,,,,,,,,,,,,,,,,,
lacu:Barking & Dagenham,4900,100300,4.9,2.3,4900,98500,5,2.3,!,2800,!,!,1200,6700,17.6,*,!,25800,!,!,2100,42400,5.1,*,1300,55600,2.4,*,1300,54800,2.4,*,!,2200,!,!,!,3900,!,!,!,13500,!,!,!,22800,!,!,3600,44600,8.1,4.2,3600,43700,8.3,4.3,!,!,!,!,!,2900,!,!,!,12400,!,!,1900,19500,9.6,*
lacu:Barnet,9900,202200,4.9,2.2,9500,193000,4.9,2.2,1400,3900,35.5,*,2000,15500,13.1,*,2900,46600,6.3,*,1600,67900,2.3,*,5500,108100,5.1,*,5100,101600,5,*,!,1500,!,!,2000,9200,22.2,*,!,26100,!,!,!,40400,!,!,4400,94100,4.7,*,4400,91400,4.8,*,!,2400,!,!,!,6400,!,!,1500,20500,7.1,*,!,27500,!,!
lacu:Bexley,3900,127700,3.1,1.7,3900,123800,3.2,1.7,!,4800,!,!,!,8300,!,!,1100,30200,3.5,*,900,47400,1.9,*,1400,65600,2.1,*,1400,64000,2.2,*,!,3000,!,!,!,3300,!,!,!,16300,!,!,!,24800,!,!,2500,62100,4.1,*,2500,59800,4.2,*,!,1800,!,!,!,5000,!,!,1100,13800,7.6,*,!,22600,!,!
lacu:Brent,8300,169200,4.9,2.2,8300,165400,5,2.2,2100,5100,41.1,*,!,15300,!,!,!,47000,!,!,3700,58700,6.3,*,5900,99000,6,3.2,5900,96500,6.1,3.3,2100,3700,56.8,*,!,7900,!,!,!,31000,!,!,1800,31700,5.7,*,2400,70200,3.4,*,2400,68900,3.5,*,!,1400,!,!,!,7400,!,!,!,16000,!,!,1900,27000,7,*
lacu:Bromley,9100,172600,5.3,2.2,9100,168200,5.4,2.3,!,4600,!,!,!,15200,!,!,4400,40400,10.9,*,2900,62400,4.6,*,4000,91300,4.4,*,4000,88500,4.5,*,!,1900,!,!,!,7700,!,!,!,18700,!,!,1700,32400,5.2,*,5100,81300,6.2,*,5100,79800,6.3,*,!,2700,!,!,!,7500,!,!,!,21700,!,!,1200,30000,3.9,*
lacu:Camden,5400,143600,3.8,2,5400,138000,3.9,2.1,!,2800,!,!,!,12600,!,!,!,44800,!,!,2100,43200,4.9,*,2900,80100,3.7,*,2900,77100,3.8,*,!,1700,!,!,!,6900,!,!,!,24900,!,!,#,26900,4.2,*,2500,63500,3.9,*,2500,60900,4.1,*,!,1100,!,!,!,5700,!,!,!,19900,!,!,1000,16200,6,*
lacu:City of London,!,6400,!,!,!,5700,!,!,!,!,!,-,!,!,!,-,!,!,!,-,!,#,!,!,!,3900,!,!,!,3300,!,!,!,!,!,-,!,!,!,-,!,!,!,-,!,!,!,!,!,2500,!,!,!,2500,!,!,!,!,!,-,!,!,!,-,!,!,!,-,!,!,!,!
lacu:Croydon,7000,207800,3.4,1.8,7000,198800,3.5,1.8,1700,8300,20.7,*,!,12900,!,!,!,53300,!,!,2300,75000,3,*,4200,105100,4,*,4200,99400,4.2,*,1300,4400,29.5,*,!,6200,!,!,!,25200,!,!,!,38300,!,!,2900,102700,2.8,*,2900,99300,2.9,*,!,3900,!,!,!,6700,!,!,!,28100,!,!,1300,36700,3.6,*
lacu:Ealing,12400,183600,6.8,3.1,11900,178000,6.7,3.1,1800,4500,40.3,*,!,5300,!,!,2900,47500,6.2,*,3900,71000,5.5,*,4200,100300,4.2,*,3700,97600,3.8,*,!,2700,!,!,!,2800,!,!,!,25900,!,!,!,39300,!,!,8200,83300,9.9,5.1,8200,80400,10.2,5.3,!,1800,!,!,!,2500,!,!,#,21600,9.3,*,2400,31700,7.7,*
lacu:Enfield,8000,164900,4.8,2.3,8000,158400,5,2.4,1400,4300,32.1,*,!,12000,!,!,2700,34300,8,*,1400,59500,2.4,*,3600,89800,4,*,3600,86600,4.1,*,!,2100,!,!,!,8600,!,!,!,16900,!,!,!,32300,!,!,4400,75100,5.8,*,4400,71800,6.1,*,!,2200,!,!,!,3400,!,!,1900,17400,11.2,*,1400,27200,5.2,*
lacu:Greenwich,9900,151900,6.5,2.6,9200,147700,6.3,2.6,1700,3400,48.6,*,1400,8700,15.9,*,2300,41900,5.4,*,1200,58000,2.2,*,5400,82700,6.6,3.6,4800,79300,6.1,3.5,!,!,!,!,!,4500,!,!,1900,25100,7.5,*,!,31300,!,!,4400,69100,6.4,3.7,4400,68400,6.5,3.7,1700,2300,73.1,*,!,4200,!,!,!,16800,!,!,!,26700,!,!
lacu:Hackney,9000,152800,5.9,2.4,8800,150600,5.8,2.4,2100,4700,43.3,*,2000,14800,13.4,*,1400,49900,2.9,*,1600,50900,3.2,*,6000,84500,7,3.7,5800,83100,6.9,3.7,1700,2500,69.1,*,!,8800,!,!,!,27400,!,!,1300,27000,4.8,*,3000,68300,4.4,*,3000,67500,4.5,*,!,2200,!,!,!,6000,!,!,!,22500,!,!,!,23900,!,!
lacu:Hammersmith and Fulham,5700,105600,5.4,2.5,5400,103100,5.2,2.5,!,!,!,!,!,6400,!,!,!,40500,!,!,2600,37600,6.8,*,3100,57000,5.4,3.5,3100,55400,5.6,3.6,!,!,!,-,!,2300,!,!,!,22000,!,!,1500,22500,6.8,*,2600,48600,5.3,*,2300,47700,4.8,*,!,!,!,!,!,4000,!,!,!,18400,!,!,!,15100,!,!
lacu:Haringey,7500,156400,4.8,2,7500,152400,4.9,2.1,900,3000,31.9,*,1100,11800,9.7,*,1700,47700,3.5,*,2200,58900,3.8,*,3800,84700,4.4,*,3800,83100,4.5,*,!,1500,!,!,!,7500,!,!,!,22500,!,!,!,36300,!,!,3800,71700,5.3,3,3800,69300,5.5,3.1,!,1500,!,!,!,4300,!,!,!,25200,!,!,1900,22600,8.2,*
lacu:Harrow,3500,129300,2.7,1.5,3500,123800,2.8,1.6,!,1600,!,!,!,11900,!,!,#,34700,3,*,1100,44100,2.6,*,1700,72800,2.4,*,1700,69600,2.5,*,!,1100,!,!,!,7000,!,!,!,20700,!,!,800,24600,3.3,*,1800,56500,3.2,*,1800,54200,3.3,*,!,!,!,!,!,4900,!,!,!,14000,!,!,!,19500,!,!
lacu:Havering,6600,138400,4.8,2,6600,133000,5,2.1,800,5100,15,*,1400,16100,8.8,*,1800,36800,4.9,*,!,39600,!,!,4100,70800,5.7,3,4100,68900,5.9,3.1,800,3600,20.9,*,!,7300,!,!,1400,21700,6.6,*,!,18800,!,!,2600,67600,3.8,*,2600,64100,4,*,!,1400,!,!,!,8700,!,!,!,15100,!,!,!,20900,!,!
lacu:Hillingdon,6700,159800,4.2,2,6400,156400,4.1,2,!,2900,!,!,2200,15000,14.7,*,!,40800,!,!,1900,59400,3.2,*,3600,87100,4.1,*,3600,85000,4.2,*,!,!,!,-,!,7500,!,!,!,22500,!,!,1600,33700,4.7,*,3100,72800,4.3,*,2800,71400,3.9,*,!,2100,!,!,1700,7500,22,*,!,18300,!,!,!,25700,!,!
lacu:Hounslow,9400,152400,6.2,3.1,9400,148800,6.3,3.2,!,4500,!,!,!,5900,!,!,2000,46900,4.2,*,1700,58600,2.9,*,8300,87700,9.5,*,8300,86000,9.7,*,!,2900,!,!,!,4500,!,!,!,23900,!,!,!,35100,!,!,!,64700,!,!,!,62800,!,!,!,1600,!,!,!,!,!,!,!,23100,!,!,!,23500,!,!
lacu:Islington,7400,147300,5,2.3,7400,141300,5.2,2.5,!,2800,!,!,1300,9200,13.6,*,3400,66400,5.1,*,2200,43300,5.1,*,3600,77200,4.6,*,3600,74000,4.8,*,!,!,!,-,!,3900,!,!,2600,36100,7.1,*,!,23000,!,!,3800,70000,5.4,3.5,3800,67300,5.7,3.6,!,2800,!,!,!,5400,!,!,!,30300,!,!,1800,20300,9.1,*
lacu:Kensington and Chelsea,5800,73800,7.8,3.1,5800,67200,8.6,3.4,!,900,!,!,1200,4000,29.9,*,1600,16200,9.8,*,1600,27800,5.9,*,2400,40900,5.9,3.7,2400,36700,6.5,4.2,!,!,!,-,!,1100,!,!,!,7800,!,!,1000,16100,6.2,*,3400,32900,10.2,5.1,3400,30500,11.1,5.6,!,!,!,!,!,2900,!,!,1300,8400,15.4,*,700,11700,5.5,*
lacu:Kingston upon Thames,6700,96600,7,2.7,6600,92800,7.1,2.8,!,1600,!,!,!,5500,!,!,1000,21100,4.6,*,1600,41100,3.8,*,4100,54200,7.6,3.8,4000,51800,7.7,4,!,1400,!,!,!,4500,!,!,!,10400,!,!,800,22300,3.7,*,2600,42300,6.2,3.7,2600,41000,6.4,3.8,!,!,!,!,!,900,!,!,!,10700,!,!,700,18900,3.8,*
lacu:Lambeth,14600,205700,7.1,2.7,14200,201100,7.1,2.7,!,5800,!,!,3300,20900,16,*,4400,71900,6.1,*,1700,66400,2.5,*,7400,108300,6.9,3.7,7000,104900,6.7,3.7,!,4300,!,!,2000,9200,21.3,*,2000,37800,5.4,*,!,35400,!,!,7200,97400,7.4,3.9,7200,96200,7.5,4,!,1400,!,!,!,11700,!,!,2300,34200,6.9,*,1700,31000,5.4,*
lacu:Lewisham,7900,177800,4.4,2,7900,174500,4.5,2.1,!,3200,!,!,2000,12100,16.5,*,2800,62100,4.5,*,1800,68100,2.7,*,4400,98100,4.5,*,4400,96300,4.6,*,!,1400,!,!,1400,5100,28,*,1800,35200,5.1,*,!,37800,!,!,3400,79700,4.3,*,3400,78300,4.4,*,!,1800,!,!,!,7000,!,!,!,26900,!,!,!,30300,!,!
lacu:Merton,4800,121400,3.9,2,4500,118100,3.8,2,!,2400,!,!,1200,11000,10.8,*,1300,32600,3.9,*,1200,41000,3,*,1800,63900,2.9,*,1600,61900,2.6,*,!,1200,!,!,!,5400,!,!,!,16700,!,!,!,21900,!,!,2900,57500,5.1,*,2900,56300,5.2,*,!,1200,!,!,!,5500,!,!,!,15900,!,!,1200,19100,6.3,*
lacu:Newham,10100,182200,5.5,2.7,10100,179200,5.6,2.7,!,3100,!,!,3200,23400,13.6,*,3100,51800,6.1,*,1600,75500,2.2,*,6100,112000,5.4,*,6100,110600,5.5,*,!,!,!,!,!,10300,!,!,3100,33600,9.4,*,!,46800,!,!,4000,70200,5.7,*,4000,68600,5.9,*,!,2300,!,!,!,13000,!,!,!,18300,!,!,!,28700,!,!
lacu:Redbridge,7800,149400,5.2,2.1,7800,146600,5.3,2.1,1300,3400,38.5,*,1800,16800,10.8,*,!,40500,!,!,1800,54600,3.3,*,3600,86300,4.2,2.5,3600,84500,4.3,2.5,!,1300,!,!,1000,8600,12.2,*,!,25100,!,!,900,32500,2.9,*,4100,63100,6.6,3.5,4100,62200,6.7,3.5,1100,2100,50.1,*,!,8200,!,!,!,15300,!,!,900,22100,4,*
lacu:Richmond upon Thames,3500,108300,3.3,1.9,3500,99800,3.5,2,!,1100,!,!,1500,6800,22.8,*,!,20700,!,!,1400,42500,3.2,*,2800,56700,4.9,*,2800,52200,5.3,*,!,!,!,!,1500,4600,33.5,*,!,9500,!,!,!,23600,!,!,800,51600,1.5,*,800,47600,1.6,*,!,!,!,!,!,2200,!,!,!,11200,!,!,800,18900,4.1,*
lacu:Southwark,12300,198000,6.2,2.3,12300,192100,6.4,2.4,1400,2000,71.6,*,1800,19400,9.3,*,2500,72300,3.5,*,4300,64500,6.7,*,6300,103500,6,3.3,6300,100500,6.2,3.4,!,1300,!,!,!,7800,!,!,!,36100,!,!,3700,38100,9.7,*,6000,94500,6.4,3.2,6000,91600,6.6,3.3,!,!,!,-,!,11600,!,!,1400,36100,3.8,*,!,26300,!,!
lacu:Sutton,4800,111800,4.3,2,4800,108400,4.5,2.1,!,3000,!,!,1100,8300,13.1,*,900,24100,3.9,*,1300,46500,2.8,*,1800,58700,3,*,1800,57200,3.1,*,!,1100,!,!,!,2900,!,!,!,14500,!,!,800,24900,3.3,*,3100,53100,5.7,3.3,3100,51200,6,3.4,!,1900,!,!,!,5400,!,!,900,9600,9.7,*,!,21700,!,!
lacu:Tower Hamlets,10100,178500,5.6,2.7,10100,178100,5.7,2.7,!,2300,!,!,1800,19800,9.2,*,2300,84900,2.7,*,4300,55300,7.8,*,4100,107000,3.8,*,4100,106600,3.8,*,!,!,!,-,!,9300,!,!,2300,53300,4.3,*,!,34500,!,!,6000,71500,8.4,*,6000,71500,8.4,*,!,#,!,!,1800,10400,17.4,*,!,31500,!,!,3700,20800,17.7,*
lacu:Waltham Forest,4300,154600,2.8,*,4300,150300,2.9,*,!,3900,!,!,!,6600,!,!,2200,48900,4.6,*,!,60500,!,!,1800,83900,2.2,*,1800,80700,2.3,*,!,3000,!,!,!,1800,!,!,!,29200,!,!,!,32100,!,!,2500,70600,3.6,*,2500,69600,3.6,*,!,!,!,!,!,4800,!,!,!,19700,!,!,!,28400,!,!
lacu:Wandsworth,7700,201000,3.8,2,7400,195900,3.8,2,!,3700,!,!,!,9900,!,!,2500,75500,3.3,*,1500,69400,2.1,*,3300,101000,3.3,*,3000,98200,3,*,!,2400,!,!,!,4900,!,!,!,37400,!,!,!,36800,!,!,4400,100000,4.4,*,4400,97600,4.5,*,!,#,!,!,!,5000,!,!,1900,38100,4.9,*,!,32600,!,!
lacu:Westminster,6600,130300,5.1,2.5,6600,124200,5.3,2.6,!,!,!,-,1400,6300,22.7,*,!,40700,!,!,1200,52300,2.2,*,5400,75000,7.2,4,5400,71100,7.5,4.3,!,!,!,-,1100,4300,26.2,*,!,23200,!,!,!,29700,!,!,1300,55300,2.3,*,1300,53100,2.4,*,!,!,!,-,!,2000,!,!,!,17500,!,!,!,22700,!,!
country:England,1175300,28398800,4.1,0.1,1159100,27328200,4.2,0.1,180600,1039400,17.4,1.3,240300,2522500,9.5,0.7,243600,6543100,3.7,0.3,262900,9453700,2.8,0.2,621600,15115300,4.1,0.2,611200,14466300,4.2,0.2,99100,532100,18.6,1.8,134300,1325600,10.1,1,123800,3531200,3.5,0.4,126500,5003200,2.5,0.2,553700,13283500,4.2,0.2,547900,12862000,4.3,0.2,81500,507400,16.1,1.7,106100,1196900,8.9,1,119800,3011900,4,0.4,136400,4450600,3.1,0.3
gor:London,241600,4861400,5,0.4,238200,4713200,5.1,0.4,27100,106300,25.5,5.3,44300,374100,11.8,2.4,58600,1438700,4.1,0.7,62100,1746900,3.6,0.5,127800,2652800,4.8,0.5,125000,2567000,4.9,0.6,17200,57100,30.1,7.6,24300,189500,12.8,3.5,32600,790300,4.1,1.1,27900,976100,2.9,0.7,113800,2208600,5.2,0.6,113200,2146200,5.3,0.6,9900,49300,20.2,7.2,20000,184700,10.8,3.2,26000,648400,4,1,34200,770800,4.4,0.9
,,,,,,,,,,,,,,,,,,,,,,,,,,,,,,,,,,,,,,,,,,,,,,,,,,,,,,,,,,,,,,,,,,,,,,,,
,,,,,,,,,,,,,,,,,,,,,,,,,,,,,,,,,,,,,,,,,,,,,,,,,,,,,,,,,,,,,,,,,,,,,,,,
,,,,,,,,,,,,,,,,,,,,,,,,,,,,,,,,,,,,,,,,,,,,,,,,,,,,,,,,,,,,,,,,,,,,,,,,
#,These figures are suppressed as statistically unreliable,,,,,,,,,,,,,,,,,,,,,,,,,,,,,,,,,,,,,,,,,,,,,,,,,,,,,,,,,,,,,,,,,,,,,,,
,,,,,,,,,,,,,,,,,,,,,,,,,,,,,,,,,,,,,,,,,,,,,,,,,,,,,,,,,,,,,,,,,,,,,,,,
!,Estimate and confidence interval not available since the group sample size,,,,,,,,,,,,,,,,,,,,,,,,,,,,,,,,,,,,,,,,,,,,,,,,,,,,,,,,,,,,,,,,,,,,,,,
,is zero or disclosive (0-2),,,,,,,,,,,,,,,,,,,,,,,,,,,,,,,,,,,,,,,,,,,,,,,,,,,,,,,,,,,,,,,,,,,,,,,
,,,,,,,,,,,,,,,,,,,,,,,,,,,,,,,,,,,,,,,,,,,,,,,,,,,,,,,,,,,,,,,,,,,,,,,,
*,Estimate and confidence interval unreliable since the group sample size is,,,,,,,,,,,,,,,,,,,,,,,,,,,,,,,,,,,,,,,,,,,,,,,,,,,,,,,,,,,,,,,,,,,,,,,
,small (3-9),,,,,,,,,,,,,,,,,,,,,,,,,,,,,,,,,,,,,,,,,,,,,,,,,,,,,,,,,,,,,,,,,,,,,,,
,,,,,,,,,,,,,,,,,,,,,,,,,,,,,,,,,,,,,,,,,,,,,,,,,,,,,,,,,,,,,,,,,,,,,,,,
-,These figures are missing.,,,,,,,,,,,,,,,,,,,,,,,,,,,,,,,,,,,,,,,,,,,,,,,,,,,,,,,,,,,,,,,,,,,,,,,
,,,,,,,,,,,,,,,,,,,,,,,,,,,,,,,,,,,,,,,,,,,,,,,,,,,,,,,,,,,,,,,,,,,,,,,,
,Annual Population Survey (APS) responses are weighted to official population,,,,,,,,,,,,,,,,,,,,,,,,,,,,,,,,,,,,,,,,,,,,,,,,,,,,,,,,,,,,,,,,,,,,,,,
,projections. As the current projections are 2018-based they are based on,,,,,,,,,,,,,,,,,,,,,,,,,,,,,,,,,,,,,,,,,,,,,,,,,,,,,,,,,,,,,,,,,,,,,,,
,demographic trends that pre-date the COVID-19 pandemic. We are analysing,,,,,,,,,,,,,,,,,,,,,,,,,,,,,,,,,,,,,,,,,,,,,,,,,,,,,,,,,,,,,,,,,,,,,,,
,the population totals used in the weighting process and may make,,,,,,,,,,,,,,,,,,,,,,,,,,,,,,,,,,,,,,,,,,,,,,,,,,,,,,,,,,,,,,,,,,,,,,,
,adjustments if appropriate. Rates published from the APS remain robust;,,,,,,,,,,,,,,,,,,,,,,,,,,,,,,,,,,,,,,,,,,,,,,,,,,,,,,,,,,,,,,,,,,,,,,,
,"however, levels and changes in levels should be used with caution. This",,,,,,,,,,,,,,,,,,,,,,,,,,,,,,,,,,,,,,,,,,,,,,,,,,,,,,,,,,,,,,,,,,,,,,,
,"will particularly affect estimates for country of birth, nationality,",,,,,,,,,,,,,,,,,,,,,,,,,,,,,,,,,,,,,,,,,,,,,,,,,,,,,,,,,,,,,,,,,,,,,,,
,ethnicity and disability. This affects all APS periods from April 2019,,,,,,,,,,,,,,,,,,,,,,,,,,,,,,,,,,,,,,,,,,,,,,,,,,,,,,,,,,,,,,,,,,,,,,,
,to March 2020 onwards,,,,,,,,,,,,,,,,,,,,,,,,,,,,,,,,,,,,,,,,,,,,,,,,,,,,,,,,,,,,,,,,,,,,,,,
,,,,,,,,,,,,,,,,,,,,,,,,,,,,,,,,,,,,,,,,,,,,,,,,,,,,,,,,,,,,,,,,,,,,,,,,
,,,,,,,,,,,,,,,,,,,,,,,,,,,,,,,,,,,,,,,,,,,,,,,,,,,,,,,,,,,,,,,,,,,,,,,,
,"Health and disability variables for APS periods ending Mar 2020,",,,,,,,,,,,,,,,,,,,,,,,,,,,,,,,,,,,,,,,,,,,,,,,,,,,,,,,,,,,,,,,,,,,,,,,
,Jun 2020 and Sep 2020 were revised on 2 March 2021.,,,,,,,,,,,,,,,,,,,,,,,,,,,,,,,,,,,,,,,,,,,,,,,,,,,,,,,,,,,,,,,,,,,,,,,
,For more details see [http://www.nomisweb.co.uk/articles/1247.aspx],,,,,,,,,,,,,,,,,,,,,,,,,,,,,,,,,,,,,,,,,,,,,,,,,,,,,,,,,,,,,,,,,,,,,,,
,,,,,,,,,,,,,,,,,,,,,,,,,,,,,,,,,,,,,,,,,,,,,,,,,,,,,,,,,,,,,,,,,,,,,,,,
,,,,,,,,,,,,,,,,,,,,,,,,,,,,,,,,,,,,,,,,,,,,,,,,,,,,,,,,,,,,,,,,,,,,,,,,
,,,,,,,,,,,,,,,,,,,,,,,,,,,,,,,,,,,,,,,,,,,,,,,,,,,,,,,,,,,,,,,,,,,,,,,,
,,,,,,,,,,,,,,,,,,,,,,,,,,,,,,,,,,,,,,,,,,,,,,,,,,,,,,,,,,,,,,,,,,,,,,,,
,,,,,,,,,,,,,,,,,,,,,,,,,,,,,,,,,,,,,,,,,,,,,,,,,,,,,,,,,,,,,,,,,,,,,,,,
,,,,,,,,,,,,,,,,,,,,,,,,,,,,,,,,,,,,,,,,,,,,,,,,,,,,,,,,,,,,,,,,,,,,,,,,
,,,,,,,,,,,,,,,,,,,,,,,,,,,,,,,,,,,,,,,,,,,,,,,,,,,,,,,,,,,,,,,,,,,,,,,,
,,,,,,,,,,,,,,,,,,,,,,,,,,,,,,,,,,,,,,,,,,,,,,,,,,,,,,,,,,,,,,,,,,,,,,,,
annual population survey,,,,,,,,,,,,,,,,,,,,,,,,,,,,,,,,,,,,,,,,,,,,,,,,,,,,,,,,,,,,,,,,,,,,,,,,
ONS Crown Copyright Reserved [from Nomis on 5 July 2021],,,,,,,,,,,,,,,,,,,,,,,,,,,,,,,,,,,,,,,,,,,,,,,,,,,,,,,,,,,,,,,,,,,,,,,,
Analysis   :,variable,,,,,,,,,,,,,,,,,,,,,,,,,,,,,,,,,,,,,,,,,,,,,,,,,,,,,,,,,,,,,,,,,,,,,,,
Confidence :,95% confidence interval of percent figure (+/-),,,,,,,,,,,,,,,,,,,,,,,,,,,,,,,,,,,,,,,,,,,,,,,,,,,,,,,,,,,,,,,,,,,,,,,
Date       :,Jan 2019-Dec 2019,,,,,,,,,,,,,,,,,,,,,,,,,,,,,,,,,,,,,,,,,,,,,,,,,,,,,,,,,,,,,,,,,,,,,,,
,,,,,,,,,,,,,,,,,,,,,,,,,,,,,,,,,,,,,,,,,,,,,,,,,,,,,,,,,,,,,,,,,,,,,,,,
Area,Numerator,Denominator,Unemployment rate - aged 16+,Conf,Numerator,Denominator,Unemployment rate - aged 16-64,Conf,Numerator,Denominator,Unemployment rate - aged 16-19,Conf,Numerator,Denominator,Unemployment rate - aged 20-24,Conf,Numerator,Denominator,Unemployment rate - aged 25-34,Conf,Numerator,Denominator,Unemployment rate - aged 35-49,Conf,Numerator,Denominator,Unemployment rate males - aged 16+,Conf,Numerator,Denominator,Unemployment rate males - aged 16-64,Conf,Numerator,Denominator,Unemployment rate males - aged 16-19,Conf,Numerator,Denominator,Unemployment rate males - aged 20-24,Conf,Numerator,Denominator,Unemployment rate males - aged 25-34,Conf,Numerator,Denominator,Unemployment rate males - aged 35-49,Conf,Numerator,Denominator,Unemployment rate females - aged 16+,Conf,Numerator,Denominator,Unemployment rate females - aged 16-64,Conf,Numerator,Denominator,Unemployment rate females - aged 16-19,Conf,Numerator,Denominator,Unemployment rate females - aged 20-24,Conf,Numerator,Denominator,Unemployment rate females - aged 25-34,Conf,Numerator,Denominator,Unemployment rate females - aged 35-49,Conf
,,,,,,,,,,,,,,,,,,,,,,,,,,,,,,,,,,,,,,,,,,,,,,,,,,,,,,,,,,,,,,,,,,,,,,,,
lacu:Barking & Dagenham,6100,104500,5.9,2.6,6100,101900,6,2.7,!,5000,!,!,1200,8300,14.1,*,2200,27400,7.9,*,2100,37100,5.7,*,3900,57300,6.7,3.9,3900,55700,6.9,4,!,3000,!,!,!,4400,!,!,!,14000,!,!,2100,19500,10.9,*,2300,47200,4.8,*,2300,46200,4.9,*,!,2000,!,!,!,4000,!,!,1200,13400,9.3,*,!,17600,!,!
lacu:Barnet,11900,215500,5.5,2.5,11500,203000,5.6,2.6,!,4200,!,!,2300,20100,11.4,*,4000,49500,8.1,*,2800,75100,3.7,*,6700,112500,6,*,6200,106600,5.8,*,!,!,!,!,!,11400,!,!,!,24500,!,!,!,46200,!,!,5200,103000,5.1,*,5200,96400,5.4,*,!,2900,!,!,!,8600,!,!,!,25000,!,!,#,29000,5.4,*
lacu:Bexley,6100,128400,4.7,2.1,5600,124200,4.5,2.1,1300,4100,31.6,*,!,9700,!,!,!,28100,!,!,1800,46500,3.9,*,3000,66200,4.6,2.9,2600,63100,4.1,*,1000,2600,38.6,*,!,4900,!,!,!,14400,!,!,1000,24300,3.9,*,3000,62200,4.9,3,3000,61100,5,3.1,!,1500,!,!,!,4800,!,!,!,13700,!,!,800,22200,3.8,*
lacu:Brent,10900,176300,6.2,3.1,9100,170000,5.4,3,!,3000,!,!,2800,12200,23,*,!,54100,!,!,2400,61400,3.8,*,7900,102600,7.7,*,6200,98100,6.3,*,!,!,!,-,2800,6600,42.1,*,!,34900,!,!,!,35300,!,!,3000,73700,4,*,3000,71800,4.1,*,!,2300,!,!,!,5500,!,!,!,19200,!,!,!,26000,!,!
lacu:Bromley,3300,174600,1.9,*,3300,169600,1.9,*,!,4500,!,!,!,13200,!,!,!,49500,!,!,1500,58300,2.6,*,1700,91800,1.9,*,1700,88800,2,*,!,2300,!,!,!,5300,!,!,!,26200,!,!,!,31100,!,!,1500,82800,1.8,*,1500,80800,1.9,*,!,2200,!,!,!,7900,!,!,!,23300,!,!,1500,27200,5.6,*
lacu:Camden,8100,143900,5.6,2.6,7500,137700,5.4,2.7,!,2400,!,!,!,9700,!,!,2000,39100,5.1,*,!,44500,!,!,5100,78900,6.4,*,5100,75400,6.7,*,!,!,!,!,!,6200,!,!,!,21100,!,!,!,27200,!,!,3000,65000,4.6,*,2400,62400,3.9,*,!,2000,!,!,!,3500,!,!,!,18000,!,!,!,17300,!,!
lacu:City of London,!,10100,!,!,!,7400,!,!,!,!,!,-,!,!,!,-,!,#,!,!,!,!,!,-,!,5500,!,!,!,4800,!,!,!,!,!,-,!,!,!,-,!,!,!,!,!,!,!,-,!,4600,!,!,!,!,!,!,!,!,!,-,!,!,!,-,!,!,!,!,!,!,!,-
lacu:Croydon,7300,205800,3.5,1.8,7300,198800,3.7,1.8,!,6600,!,!,1300,15000,8.8,*,1700,51100,3.4,*,1800,75300,2.4,*,4400,106800,4.1,*,4400,101700,4.3,*,!,1900,!,!,!,5600,!,!,!,27200,!,!,1400,42700,3.4,*,2900,98900,3,*,2900,97000,3,*,!,4800,!,!,1300,9400,14,*,!,23900,!,!,!,32600,!,!
lacu:Ealing,7800,173600,4.5,2.6,7400,169000,4.4,2.6,!,2300,!,!,!,17300,!,!,!,40700,!,!,2600,59200,4.4,*,6500,102700,6.3,*,6100,99400,6.1,*,!,!,!,!,!,10900,!,!,!,21600,!,!,2000,33300,6.1,*,!,70900,!,!,!,69600,!,!,!,!,!,-,!,6400,!,!,!,19100,!,!,!,25900,!,!
lacu:Enfield,11800,162900,7.3,3.1,11800,156200,7.6,3.2,!,3200,!,!,3300,10500,31.2,*,5000,34700,14.5,*,2900,62800,4.6,*,7700,86200,8.9,4.9,7700,81600,9.4,5.3,!,!,!,!,3300,6600,49.6,*,2500,17300,14.3,*,!,35400,!,!,4100,76700,5.4,*,4100,74500,5.5,*,!,2400,!,!,!,3900,!,!,2600,17400,14.7,*,1600,27400,5.8,*
lacu:Greenwich,7500,161100,4.6,2.1,7500,158000,4.7,2.1,1100,3900,29,*,3500,12700,27.8,*,!,37200,!,!,1800,63600,2.9,*,4900,86900,5.6,3.2,4900,84300,5.8,3.3,!,2300,!,!,2800,7000,39.3,*,!,18100,!,!,!,35100,!,!,2600,74300,3.5,*,2600,73700,3.5,*,!,1500,!,!,!,5700,!,!,!,19100,!,!,1400,28500,5,*
lacu:Hackney,7000,157700,4.4,2.2,7000,156600,4.4,2.2,1300,3500,37.3,*,1800,12600,14.4,*,1600,66200,2.4,*,1900,47000,4,*,4900,82100,6,3.8,4900,81700,6,3.8,1300,1800,70.5,*,1800,6400,28.3,*,!,33900,!,!,!,27500,!,!,2000,75600,2.7,*,2000,74900,2.7,*,!,1600,!,!,!,6200,!,!,!,32200,!,!,1000,19600,5.2,*
lacu:Hammersmith and Fulham,3700,102000,3.7,2.2,3500,99400,3.6,2.2,!,!,!,-,#,7000,17.9,*,1700,37000,4.6,*,!,35000,!,!,2000,58300,3.5,*,1800,56200,3.2,*,!,!,!,-,!,2800,!,!,!,20000,!,!,!,21800,!,!,1700,43700,3.9,*,1700,43200,4,*,!,!,!,-,!,4200,!,!,900,17000,5.3,*,!,13300,!,!
lacu:Haringey,4400,159800,2.7,1.7,4400,154700,2.8,1.8,!,2300,!,!,!,9900,!,!,!,46500,!,!,2000,62500,3.1,*,2600,84600,3.1,*,2600,82600,3.1,*,!,!,!,!,!,5300,!,!,!,23100,!,!,!,34900,!,!,1800,75200,2.4,*,1800,72200,2.5,*,!,1300,!,!,!,4700,!,!,!,23400,!,!,1100,27600,3.8,*
lacu:Harrow,6100,118900,5.1,2.7,6100,113900,5.3,2.9,!,2500,!,!,!,6300,!,!,!,29800,!,!,3000,48500,6.2,*,3600,67400,5.3,*,3600,65000,5.5,*,!,2000,!,!,!,3300,!,!,!,16800,!,!,1300,28000,4.8,*,2500,51500,4.9,*,2500,48900,5.1,*,!,!,!,!,!,3100,!,!,!,13100,!,!,1700,20500,8.1,*
lacu:Havering,6700,133400,5,2.2,6700,127900,5.2,2.3,1000,3400,29.2,*,1300,12400,10.2,*,1500,36600,4.1,*,1600,41800,3.9,*,3100,68400,4.5,*,3100,64700,4.8,*,!,2100,!,!,!,7600,!,!,1500,19200,7.8,*,!,20600,!,!,3600,64900,5.6,3.3,3600,63200,5.7,3.4,!,1400,!,!,!,4800,!,!,!,17400,!,!,1600,21200,7.7,*
lacu:Hillingdon,7500,155700,4.8,2.5,7100,152400,4.7,2.5,!,2900,!,!,!,12900,!,!,1800,36400,4.9,*,3500,64800,5.4,*,4800,88000,5.4,*,4400,85500,5.1,*,!,!,!,!,!,7100,!,!,!,21900,!,!,2400,35200,6.9,*,2700,67700,4.1,*,2700,66900,4.1,*,!,1800,!,!,!,5700,!,!,!,14500,!,!,!,29500,!,!
lacu:Hounslow,5200,141100,3.7,*,4800,135600,3.5,*,!,!,!,!,!,9500,!,!,!,40400,!,!,2300,46800,4.9,*,2200,82300,2.7,*,2200,79400,2.8,*,!,!,!,!,!,4400,!,!,!,22800,!,!,!,27500,!,!,3000,58800,5.1,*,2500,56200,4.5,*,!,!,!,!,!,5200,!,!,!,17600,!,!,1700,19300,8.6,*
lacu:Islington,6200,147300,4.2,2.2,6000,141300,4.2,2.2,!,2200,!,!,1500,13500,11,*,1900,51900,3.6,*,1200,47600,2.5,*,3500,78900,4.4,*,3300,75900,4.3,*,!,1800,!,!,!,5800,!,!,!,29100,!,!,!,25100,!,!,2700,68400,4,*,2700,65400,4.2,*,!,!,!,!,!,7700,!,!,!,22800,!,!,!,22500,!,!
lacu:Kensington and Chelsea,4100,76200,5.4,2.7,4100,72500,5.7,2.9,!,1700,!,!,!,6500,!,!,1100,14300,7.4,*,1600,30200,5.2,*,2200,41100,5.3,*,2200,38900,5.6,*,!,!,!,-,!,4600,!,!,!,6900,!,!,!,15900,!,!,1900,35100,5.5,*,1900,33600,5.7,*,!,!,!,!,!,1900,!,!,!,7400,!,!,900,14300,6.2,*
lacu:Kingston upon Thames,2900,99000,2.9,1.8,2900,95500,3,1.9,800,3600,21.4,*,!,6100,!,!,!,16900,!,!,!,44600,!,!,1400,53200,2.7,*,1400,50800,2.8,*,800,2900,26.8,*,!,3600,!,!,!,7600,!,!,!,25100,!,!,1500,45800,3.2,*,1500,44700,3.2,*,!,700,!,!,!,2400,!,!,!,9400,!,!,!,19500,!,!
lacu:Lambeth,12300,207300,5.9,2.4,12300,203600,6,2.4,1600,3100,50,*,2000,21900,9.3,*,2900,81600,3.6,*,2200,63800,3.5,*,5400,109300,4.9,3,5400,107100,5,3.1,!,!,!,!,1300,12300,10.9,*,1700,40900,4.2,*,!,33100,!,!,6900,98000,7.1,3.7,6900,96500,7.2,3.7,!,1700,!,!,!,9600,!,!,!,40700,!,!,1700,30800,5.4,*
lacu:Lewisham,8700,183100,4.8,2.1,8700,181000,4.8,2.1,1900,3000,63.3,*,1700,17100,10,*,1500,55600,2.8,*,2300,71000,3.2,*,5300,94700,5.6,3.3,5300,93400,5.7,3.4,!,!,!,-,!,5100,!,!,!,31200,!,!,1600,37900,4.2,*,3400,88300,3.9,*,3400,87600,3.9,*,!,1800,!,!,!,12000,!,!,!,24400,!,!,!,33100,!,!
lacu:Merton,5400,119800,4.5,2,5400,117100,4.6,2.1,1000,3500,27.3,*,1700,7500,22,*,1000,35500,2.9,*,1700,43400,4,*,2900,63600,4.5,*,2900,61800,4.6,*,700,1400,48.3,*,!,5000,!,!,!,18500,!,!,!,20200,!,!,2500,56200,4.5,*,2500,55200,4.6,*,!,2100,!,!,!,2500,!,!,!,17000,!,!,1300,23200,5.4,*
lacu:Newham,9300,191700,4.9,2.5,9300,188300,4.9,2.6,!,2600,!,!,3000,17800,16.6,*,3500,73000,4.9,*,2300,69800,3.3,*,5700,111900,5.1,*,5700,109800,5.1,*,!,!,!,!,!,8400,!,!,2700,43300,6.3,*,!,43400,!,!,3700,79800,4.6,*,3700,78500,4.7,*,!,1800,!,!,!,9400,!,!,!,29700,!,!,!,26400,!,!
lacu:Redbridge,6000,154800,3.8,1.9,6000,147800,4,2.1,1300,4100,32.2,*,!,10500,!,!,!,36400,!,!,!,60700,!,!,4500,92000,4.9,*,4500,88400,5.1,*,!,2900,!,!,!,4300,!,!,!,23500,!,!,!,34000,!,!,1400,62800,2.3,*,1400,59500,2.4,*,!,1200,!,!,!,6100,!,!,!,12900,!,!,!,26700,!,!
lacu:Richmond upon Thames,1100,109700,1,*,1100,102700,1.1,*,!,2000,!,!,!,7200,!,!,!,18600,!,!,!,41600,!,!,!,58100,!,!,!,53400,!,!,!,900,!,!,!,3700,!,!,!,10300,!,!,!,21700,!,!,1100,51600,2.1,*,1100,49300,2.2,*,!,1100,!,!,!,3500,!,!,!,8300,!,!,!,19900,!,!
lacu:Southwark,7900,192800,4.1,2,7900,190600,4.1,2,2400,5300,45.7,*,1600,16400,10,*,!,58600,!,!,2500,71500,3.5,*,4300,100100,4.3,*,4300,99000,4.4,*,!,2600,!,!,!,8100,!,!,!,30100,!,!,2100,37700,5.5,*,3600,92800,3.9,*,3600,91700,3.9,*,1700,2600,66.6,*,!,8300,!,!,!,28500,!,!,!,33800,!,!
lacu:Sutton,6600,113500,5.8,2.2,6600,110100,6,2.3,1100,2800,37.4,*,2600,8400,31.4,*,1400,26200,5.4,*,1200,43200,2.7,*,2700,57600,4.6,*,2700,55900,4.7,*,!,1100,!,!,1300,3300,40,*,!,14200,!,!,!,22600,!,!,3900,56000,7,3.3,3900,54200,7.2,3.4,600,1700,33.1,*,1300,5100,25.8,*,800,12000,6.4,*,1000,20600,4.7,*
lacu:Tower Hamlets,7000,177300,4,2.2,6700,174900,3.8,2.2,!,!,!,!,!,23100,!,!,2500,78100,3.2,*,2100,57100,3.8,*,3300,111000,3,*,3300,110100,3,*,!,!,!,-,!,13000,!,!,!,48700,!,!,1700,38000,4.6,*,3800,66200,5.7,*,3400,64800,5.2,*,!,!,!,!,!,10200,!,!,1800,29400,6.1,*,!,19100,!,!
lacu:Waltham Forest,10100,154900,6.5,2.9,10100,150700,6.7,3,2800,3400,83.8,*,!,11900,!,!,2800,48500,5.7,*,2000,56100,3.6,*,5400,83000,6.5,*,5400,82000,6.6,*,!,2400,!,!,!,7200,!,!,!,26200,!,!,1500,30100,5.1,*,4700,71900,6.6,*,4700,68700,6.9,*,!,!,!,-,!,4600,!,!,!,22300,!,!,!,25900,!,!
lacu:Wandsworth,9100,207200,4.4,2.2,8000,197800,4,2.1,!,4300,!,!,!,9500,!,!,1900,84900,2.3,*,2400,68200,3.5,*,5700,99300,5.8,*,5300,95900,5.5,*,!,3200,!,!,!,3500,!,!,!,38300,!,!,!,38600,!,!,3400,107900,3.1,*,2800,101800,2.7,*,!,!,!,!,!,6000,!,!,!,46600,!,!,!,29600,!,!
lacu:Westminster,6500,133500,4.8,2.6,6500,129200,5,2.7,!,!,!,!,2200,8300,26.2,*,!,42000,!,!,2100,51100,4.1,*,3200,76000,4.2,*,3200,73000,4.4,*,!,!,!,!,!,5200,!,!,!,25300,!,!,!,29600,!,!,3200,57500,5.6,*,3200,56300,5.8,*,!,!,!,-,!,3000,!,!,!,16700,!,!,!,21400,!,!
country:England,1129700,28684800,3.9,0.1,1111700,27566500,4,0.1,175400,1019000,17.2,1.3,238300,2515700,9.5,0.7,236400,6613800,3.6,0.3,238600,9445200,2.5,0.2,627100,15190700,4.1,0.2,615200,14529200,4.2,0.2,104600,508900,20.6,2,146500,1324800,11.1,1.1,128000,3553500,3.6,0.4,110600,4977300,2.2,0.2,502500,13494100,3.7,0.2,496500,13037300,3.8,0.2,70800,510100,13.9,1.7,91800,1190900,7.7,0.9,108400,3060200,3.5,0.4,128000,4467900,2.9,0.3
gor:London,224400,4893600,4.6,0.4,218000,4739500,4.6,0.4,27200,98500,27.7,5.8,43300,385000,11.2,2.3,54000,1432000,3.8,0.7,59200,1750300,3.4,0.6,130300,2658400,4.9,0.6,126000,2570000,4.9,0.6,18000,49400,36.4,9,28800,199000,14.5,3.8,30700,774100,4,1.1,30200,978700,3.1,0.7,94100,2235200,4.2,0.5,92000,2169400,4.2,0.6,9300,49100,18.8,7,14500,186100,7.8,2.7,23400,657900,3.5,1,28900,771600,3.8,0.8
,,,,,,,,,,,,,,,,,,,,,,,,,,,,,,,,,,,,,,,,,,,,,,,,,,,,,,,,,,,,,,,,,,,,,,,,
,,,,,,,,,,,,,,,,,,,,,,,,,,,,,,,,,,,,,,,,,,,,,,,,,,,,,,,,,,,,,,,,,,,,,,,,
,,,,,,,,,,,,,,,,,,,,,,,,,,,,,,,,,,,,,,,,,,,,,,,,,,,,,,,,,,,,,,,,,,,,,,,,
#,These figures are suppressed as statistically unreliable,,,,,,,,,,,,,,,,,,,,,,,,,,,,,,,,,,,,,,,,,,,,,,,,,,,,,,,,,,,,,,,,,,,,,,,
,,,,,,,,,,,,,,,,,,,,,,,,,,,,,,,,,,,,,,,,,,,,,,,,,,,,,,,,,,,,,,,,,,,,,,,,
!,Estimate and confidence interval not available since the group sample size,,,,,,,,,,,,,,,,,,,,,,,,,,,,,,,,,,,,,,,,,,,,,,,,,,,,,,,,,,,,,,,,,,,,,,,
,is zero or disclosive (0-2),,,,,,,,,,,,,,,,,,,,,,,,,,,,,,,,,,,,,,,,,,,,,,,,,,,,,,,,,,,,,,,,,,,,,,,
,,,,,,,,,,,,,,,,,,,,,,,,,,,,,,,,,,,,,,,,,,,,,,,,,,,,,,,,,,,,,,,,,,,,,,,,
*,Estimate and confidence interval unreliable since the group sample size is,,,,,,,,,,,,,,,,,,,,,,,,,,,,,,,,,,,,,,,,,,,,,,,,,,,,,,,,,,,,,,,,,,,,,,,
,small (3-9),,,,,,,,,,,,,,,,,,,,,,,,,,,,,,,,,,,,,,,,,,,,,,,,,,,,,,,,,,,,,,,,,,,,,,,
,,,,,,,,,,,,,,,,,,,,,,,,,,,,,,,,,,,,,,,,,,,,,,,,,,,,,,,,,,,,,,,,,,,,,,,,
-,These figures are missing.,,,,,,,,,,,,,,,,,,,,,,,,,,,,,,,,,,,,,,,,,,,,,,,,,,,,,,,,,,,,,,,,,,,,,,,
,,,,,,,,,,,,,,,,,,,,,,,,,,,,,,,,,,,,,,,,,,,,,,,,,,,,,,,,,,,,,,,,,,,,,,,,
,Annual Population Survey (APS) responses are weighted to official population,,,,,,,,,,,,,,,,,,,,,,,,,,,,,,,,,,,,,,,,,,,,,,,,,,,,,,,,,,,,,,,,,,,,,,,
,projections. As the current projections are 2018-based they are based on,,,,,,,,,,,,,,,,,,,,,,,,,,,,,,,,,,,,,,,,,,,,,,,,,,,,,,,,,,,,,,,,,,,,,,,
,demographic trends that pre-date the COVID-19 pandemic. We are analysing,,,,,,,,,,,,,,,,,,,,,,,,,,,,,,,,,,,,,,,,,,,,,,,,,,,,,,,,,,,,,,,,,,,,,,,
,the population totals used in the weighting process and may make,,,,,,,,,,,,,,,,,,,,,,,,,,,,,,,,,,,,,,,,,,,,,,,,,,,,,,,,,,,,,,,,,,,,,,,
,adjustments if appropriate. Rates published from the APS remain robust;,,,,,,,,,,,,,,,,,,,,,,,,,,,,,,,,,,,,,,,,,,,,,,,,,,,,,,,,,,,,,,,,,,,,,,,
,"however, levels and changes in levels should be used with caution. This",,,,,,,,,,,,,,,,,,,,,,,,,,,,,,,,,,,,,,,,,,,,,,,,,,,,,,,,,,,,,,,,,,,,,,,
,"will particularly affect estimates for country of birth, nationality,",,,,,,,,,,,,,,,,,,,,,,,,,,,,,,,,,,,,,,,,,,,,,,,,,,,,,,,,,,,,,,,,,,,,,,,
,ethnicity and disability. This affects all APS periods from April 2019,,,,,,,,,,,,,,,,,,,,,,,,,,,,,,,,,,,,,,,,,,,,,,,,,,,,,,,,,,,,,,,,,,,,,,,
,to March 2020 onwards,,,,,,,,,,,,,,,,,,,,,,,,,,,,,,,,,,,,,,,,,,,,,,,,,,,,,,,,,,,,,,,,,,,,,,,
,,,,,,,,,,,,,,,,,,,,,,,,,,,,,,,,,,,,,,,,,,,,,,,,,,,,,,,,,,,,,,,,,,,,,,,,
,,,,,,,,,,,,,,,,,,,,,,,,,,,,,,,,,,,,,,,,,,,,,,,,,,,,,,,,,,,,,,,,,,,,,,,,
,"Health and disability variables for APS periods ending Mar 2020,",,,,,,,,,,,,,,,,,,,,,,,,,,,,,,,,,,,,,,,,,,,,,,,,,,,,,,,,,,,,,,,,,,,,,,,
,Jun 2020 and Sep 2020 were revised on 2 March 2021.,,,,,,,,,,,,,,,,,,,,,,,,,,,,,,,,,,,,,,,,,,,,,,,,,,,,,,,,,,,,,,,,,,,,,,,
,For more details see [http://www.nomisweb.co.uk/articles/1247.aspx],,,,,,,,,,,,,,,,,,,,,,,,,,,,,,,,,,,,,,,,,,,,,,,,,,,,,,,,,,,,,,,,,,,,,,,
,,,,,,,,,,,,,,,,,,,,,,,,,,,,,,,,,,,,,,,,,,,,,,,,,,,,,,,,,,,,,,,,,,,,,,,,
,,,,,,,,,,,,,,,,,,,,,,,,,,,,,,,,,,,,,,,,,,,,,,,,,,,,,,,,,,,,,,,,,,,,,,,,
,,,,,,,,,,,,,,,,,,,,,,,,,,,,,,,,,,,,,,,,,,,,,,,,,,,,,,,,,,,,,,,,,,,,,,,,
,,,,,,,,,,,,,,,,,,,,,,,,,,,,,,,,,,,,,,,,,,,,,,,,,,,,,,,,,,,,,,,,,,,,,,,,
,,,,,,,,,,,,,,,,,,,,,,,,,,,,,,,,,,,,,,,,,,,,,,,,,,,,,,,,,,,,,,,,,,,,,,,,
,,,,,,,,,,,,,,,,,,,,,,,,,,,,,,,,,,,,,,,,,,,,,,,,,,,,,,,,,,,,,,,,,,,,,,,,
,,,,,,,,,,,,,,,,,,,,,,,,,,,,,,,,,,,,,,,,,,,,,,,,,,,,,,,,,,,,,,,,,,,,,,,,
,,,,,,,,,,,,,,,,,,,,,,,,,,,,,,,,,,,,,,,,,,,,,,,,,,,,,,,,,,,,,,,,,,,,,,,,
annual population survey,,,,,,,,,,,,,,,,,,,,,,,,,,,,,,,,,,,,,,,,,,,,,,,,,,,,,,,,,,,,,,,,,,,,,,,,
ONS Crown Copyright Reserved [from Nomis on 5 July 2021],,,,,,,,,,,,,,,,,,,,,,,,,,,,,,,,,,,,,,,,,,,,,,,,,,,,,,,,,,,,,,,,,,,,,,,,
Analysis   :,variable,,,,,,,,,,,,,,,,,,,,,,,,,,,,,,,,,,,,,,,,,,,,,,,,,,,,,,,,,,,,,,,,,,,,,,,
Confidence :,95% confidence interval of percent figure (+/-),,,,,,,,,,,,,,,,,,,,,,,,,,,,,,,,,,,,,,,,,,,,,,,,,,,,,,,,,,,,,,,,,,,,,,,
Date       :,Jan 2020-Dec 2020,,,,,,,,,,,,,,,,,,,,,,,,,,,,,,,,,,,,,,,,,,,,,,,,,,,,,,,,,,,,,,,,,,,,,,,
,,,,,,,,,,,,,,,,,,,,,,,,,,,,,,,,,,,,,,,,,,,,,,,,,,,,,,,,,,,,,,,,,,,,,,,,
Area,Numerator,Denominator,Unemployment rate - aged 16+,Conf,Numerator,Denominator,Unemployment rate - aged 16-64,Conf,Numerator,Denominator,Unemployment rate - aged 16-19,Conf,Numerator,Denominator,Unemployment rate - aged 20-24,Conf,Numerator,Denominator,Unemployment rate - aged 25-34,Conf,Numerator,Denominator,Unemployment rate - aged 35-49,Conf,Numerator,Denominator,Unemployment rate males - aged 16+,Conf,Numerator,Denominator,Unemployment rate males - aged 16-64,Conf,Numerator,Denominator,Unemployment rate males - aged 16-19,Conf,Numerator,Denominator,Unemployment rate males - aged 20-24,Conf,Numerator,Denominator,Unemployment rate males - aged 25-34,Conf,Numerator,Denominator,Unemployment rate males - aged 35-49,Conf,Numerator,Denominator,Unemployment rate females - aged 16+,Conf,Numerator,Denominator,Unemployment rate females - aged 16-64,Conf,Numerator,Denominator,Unemployment rate females - aged 16-19,Conf,Numerator,Denominator,Unemployment rate females - aged 20-24,Conf,Numerator,Denominator,Unemployment rate females - aged 25-34,Conf,Numerator,Denominator,Unemployment rate females - aged 35-49,Conf
,,,,,,,,,,,,,,,,,,,,,,,,,,,,,,,,,,,,,,,,,,,,,,,,,,,,,,,,,,,,,,,,,,,,,,,,
lacu:Barking & Dagenham,9900,104900,9.5,4.5,9900,104000,9.6,4.5,!,3900,!,!,!,9700,!,!,4000,30900,12.8,*,3800,38100,9.9,*,6000,55600,10.7,*,6000,55200,10.8,*,!,!,!,!,!,4500,!,!,!,18000,!,!,2100,17700,12,*,4000,49300,8,*,4000,48800,8.1,*,!,2400,!,!,!,5200,!,!,!,12900,!,!,1600,20400,8,*
lacu:Barnet,10000,218900,4.6,2.4,10000,204900,4.9,2.6,!,2700,!,!,2700,14100,19,*,3700,60500,6.1,*,1900,78100,2.5,*,!,115600,!,!,!,110400,!,!,!,2700,!,!,!,4200,!,!,!,35600,!,!,!,42900,!,!,8400,103300,8.1,4.4,8400,94500,8.9,4.9,!,!,!,-,2700,9900,27,*,3700,24900,14.9,*,!,35200,!,!
lacu:Bexley,6300,134300,4.7,2.3,6300,131800,4.8,2.4,!,2100,!,!,2700,13800,19.9,*,!,36000,!,!,!,41900,!,!,3500,66900,5.2,*,3500,65100,5.4,*,!,!,!,!,2700,6000,45.7,*,!,19700,!,!,!,21600,!,!,2800,67500,4.2,*,2800,66700,4.2,*,!,1300,!,!,!,7800,!,!,!,16200,!,!,!,20400,!,!
lacu:Brent,8600,171300,5,*,5800,161900,3.6,*,!,4500,!,!,!,8700,!,!,!,52700,!,!,!,50800,!,!,7400,91300,8.1,*,4500,84500,5.3,*,!,!,!,-,!,!,!,!,!,32600,!,!,!,26600,!,!,!,80000,!,!,!,77400,!,!,!,4500,!,!,!,5200,!,!,!,20100,!,!,!,24200,!,!
lacu:Bromley,5700,177900,3.2,1.9,5700,169100,3.4,2,!,4600,!,!,2100,13200,15.9,*,!,47900,!,!,1800,60800,3,*,4000,91900,4.3,*,4000,86700,4.6,*,!,3000,!,!,1400,7200,19.8,*,!,24100,!,!,!,31400,!,!,1700,86000,2,*,1700,82300,2.1,*,!,1600,!,!,!,6000,!,!,!,23800,!,!,!,29400,!,!
lacu:Camden,7100,145100,4.9,*,7100,137300,5.2,*,!,3100,!,!,!,7400,!,!,3600,45000,8,*,!,44800,!,!,4300,79000,5.4,*,4300,74700,5.8,*,!,!,!,-,!,!,!,!,!,24800,!,!,!,28000,!,!,2800,66200,4.3,*,2800,62600,4.5,*,!,2400,!,!,!,5300,!,!,!,20200,!,!,!,16800,!,!
lacu:City of London,!,10000,!,!,!,9100,!,!,!,!,!,-,!,!,!,-,!,!,!,-,!,!,!,!,!,#,!,!,!,#,!,!,!,!,!,-,!,!,!,-,!,!,!,-,!,!,!,-,!,!,!,!,!,!,!,!,!,!,!,-,!,!,!,-,!,!,!,-,!,!,!,!
lacu:Croydon,12000,210800,5.7,2.5,12000,202300,5.9,2.7,!,6500,!,!,!,14000,!,!,!,48800,!,!,5100,82800,6.1,*,8900,114200,7.8,4.2,8900,108600,8.2,4.4,!,3900,!,!,!,5500,!,!,!,29000,!,!,3600,47500,7.5,*,3000,96600,3.1,*,3000,93700,3.2,*,!,2600,!,!,!,8500,!,!,!,19800,!,!,1500,35300,4.3,*
lacu:Ealing,12800,187700,6.8,3.3,12800,184400,6.9,3.4,!,2500,!,!,!,21000,!,!,3900,42300,9.2,*,2700,71200,3.8,*,7000,107000,6.6,*,7000,105300,6.7,*,!,!,!,!,!,9900,!,!,!,25600,!,!,2700,39900,6.7,*,5700,80700,7.1,*,5700,79100,7.3,*,!,!,!,-,!,11100,!,!,!,16700,!,!,!,31300,!,!
lacu:Enfield,9500,169400,5.6,3.1,9500,164200,5.8,3.2,!,4000,!,!,!,13600,!,!,!,30200,!,!,3300,58700,5.5,*,4900,84500,5.8,*,4900,81400,6.1,*,!,2000,!,!,!,7200,!,!,!,13200,!,!,!,29900,!,!,4600,84900,5.4,*,4600,82800,5.5,*,!,2100,!,!,!,6400,!,!,!,17000,!,!,2400,28800,8.4,*
lacu:Greenwich,10200,163900,6.2,2.9,9900,159300,6.2,3,!,4800,!,!,!,10700,!,!,!,34900,!,!,2300,66500,3.5,*,6200,84200,7.3,*,5900,82500,7.2,*,!,2400,!,!,!,4300,!,!,!,16500,!,!,!,36300,!,!,4000,79700,5,*,4000,76900,5.2,*,!,2500,!,!,!,6400,!,!,!,18400,!,!,!,30200,!,!
lacu:Hackney,8000,161400,4.9,2.9,7700,159200,4.8,2.9,!,!,!,!,!,12100,!,!,3100,64300,4.9,*,2800,50800,5.6,*,6000,80800,7.4,*,6000,79800,7.5,*,!,!,!,-,!,6000,!,!,3100,36100,8.6,*,2200,24900,8.9,*,2000,80600,2.5,*,1700,79500,2.2,*,!,!,!,!,!,6100,!,!,!,28200,!,!,!,26000,!,!
lacu:Hammersmith and Fulham,8200,106800,7.7,3.6,8000,104200,7.7,3.7,!,900,!,!,!,7700,!,!,4400,42100,10.5,*,1700,37200,4.5,*,2600,57900,4.5,*,2400,56700,4.2,*,!,!,!,!,!,2900,!,!,!,24000,!,!,!,20800,!,!,5600,48900,11.4,6,5600,47500,11.8,6.3,!,!,!,!,!,4700,!,!,3600,18100,20.1,*,!,16500,!,!
lacu:Haringey,8300,162400,5.1,2.8,8300,157800,5.3,2.9,!,3900,!,!,!,11000,!,!,3300,50200,6.6,*,2500,57000,4.4,*,4800,76400,6.2,*,4800,74400,6.4,*,!,1800,!,!,!,4400,!,!,!,19300,!,!,!,31100,!,!,3600,86000,4.1,*,3600,83400,4.3,*,!,!,!,!,!,6600,!,!,!,31000,!,!,!,25900,!,!
lacu:Harrow,9300,128300,7.3,3.6,9300,124400,7.5,3.8,!,!,!,!,4100,7900,51.9,*,!,32500,!,!,2600,52600,4.9,*,5400,73800,7.3,*,5400,70800,7.6,*,!,!,!,-,3000,5000,60,*,!,17400,!,!,!,28900,!,!,4000,54400,7.3,*,4000,53600,7.4,*,!,!,!,!,!,2900,!,!,!,15100,!,!,!,23700,!,!
lacu:Havering,6000,140200,4.3,2.2,5600,133600,4.2,2.2,900,2600,34.8,*,1600,13600,11.7,*,1600,44400,3.6,*,!,43300,!,!,3500,75200,4.6,*,3100,71000,4.4,*,900,900,100,-,1600,8300,19.3,*,!,20500,!,!,!,26100,!,!,2500,65000,3.8,*,2500,62600,4,*,!,1700,!,!,!,5300,!,!,!,23900,!,!,!,17200,!,!
lacu:Hillingdon,14900,172500,8.6,3.8,14600,167500,8.7,4,!,7600,!,!,!,13500,!,!,3800,35700,10.6,*,4800,61000,7.9,*,6500,94700,6.9,*,6500,92000,7.1,*,!,!,!,!,!,12200,!,!,!,19200,!,!,3400,34300,9.8,*,8400,77800,10.8,6.1,8100,75400,10.7,*,!,6900,!,!,!,!,!,!,3800,16500,22.9,*,!,26600,!,!
lacu:Hounslow,7500,148400,5.1,3.1,7500,142400,5.3,3.3,!,!,!,!,!,10400,!,!,1900,40900,4.7,*,4400,53600,8.2,*,2500,73700,3.5,*,2500,70100,3.6,*,!,!,!,!,!,!,!,!,!,14900,!,!,1800,34000,5.3,*,5000,74700,6.7,*,5000,72400,6.9,*,!,!,!,!,!,7000,!,!,1900,26100,7.3,*,2600,19500,13.3,*
lacu:Islington,7700,145400,5.3,3,7500,143000,5.2,3.1,!,!,!,!,!,19700,!,!,!,45500,!,!,!,44000,!,!,4100,71100,5.8,*,4100,70500,5.9,*,!,!,!,!,!,10700,!,!,!,23400,!,!,!,20300,!,!,3500,74400,4.8,*,3300,72600,4.6,*,!,!,!,-,!,9000,!,!,!,22100,!,!,!,23700,!,!
lacu:Kensington and Chelsea,4500,83100,5.5,3,4500,79700,5.7,3.2,!,3200,!,!,1400,5700,24.9,*,!,17100,!,!,1400,27200,5.1,*,1800,40500,4.3,*,1800,38300,4.6,*,!,1500,!,!,!,2500,!,!,!,7100,!,!,!,12600,!,!,2800,42600,6.5,*,2800,41400,6.7,*,!,1800,!,!,!,3200,!,!,!,9900,!,!,1100,14600,7.7,*
lacu:Kingston upon Thames,4700,99600,4.7,2.3,4600,97200,4.7,2.4,#,2700,34,*,1200,6200,19.7,*,!,17300,!,!,1500,41800,3.7,*,2700,57300,4.7,*,2600,55700,4.6,*,#,2400,39,*,!,4700,!,!,!,10700,!,!,900,22700,4.1,*,2000,42300,4.8,*,2000,41400,4.9,*,!,!,!,!,!,1500,!,!,!,6600,!,!,!,19100,!,!
lacu:Lambeth,19000,212500,8.9,3.3,19000,207800,9.1,3.3,!,3900,!,!,3300,16900,19.7,*,5200,90300,5.8,*,3100,55500,5.5,*,10000,113700,8.8,4.5,10000,111800,8.9,4.6,!,!,!,!,!,6500,!,!,3500,45700,7.6,*,!,30400,!,!,9000,98800,9.1,4.8,9000,96000,9.4,4.9,!,!,!,!,!,10400,!,!,!,44600,!,!,!,25100,!,!
lacu:Lewisham,10000,193800,5.2,2.4,10000,188700,5.3,2.5,!,3800,!,!,2700,13200,20.6,*,!,52700,!,!,1200,76900,1.6,*,3800,99400,3.9,*,3800,95400,4,*,!,!,!,!,!,7900,!,!,!,27100,!,!,!,40900,!,!,6200,94400,6.6,*,6200,93200,6.6,*,!,2700,!,!,!,5300,!,!,!,25600,!,!,1200,36000,3.4,*
lacu:Merton,7500,123800,6,2.8,7500,119600,6.2,2.9,!,1900,!,!,1500,7600,19.7,*,1600,41500,3.9,*,2000,42600,4.7,*,2900,62200,4.6,*,2900,60300,4.8,*,!,!,!,!,!,3700,!,!,!,23300,!,!,!,19100,!,!,4600,61600,7.4,4.1,4600,59300,7.7,4.3,!,1300,!,!,!,3900,!,!,!,18200,!,!,1600,23400,7,*
lacu:Newham,14500,204400,7.1,3.7,14500,198200,7.3,3.9,!,3500,!,!,!,15200,!,!,#,75900,6.7,*,6300,77200,8.2,*,10400,127200,8.2,*,10400,123800,8.4,*,!,!,!,!,!,8900,!,!,#,45700,11.1,*,3500,51000,6.8,*,4100,77100,5.3,*,4100,74500,5.5,*,!,!,!,-,!,6300,!,!,!,30200,!,!,2900,26200,10.9,*
lacu:Redbridge,3200,160700,2,*,2900,153400,1.9,*,!,1600,!,!,!,11900,!,!,!,47000,!,!,!,59700,!,!,!,86300,!,!,!,82200,!,!,!,!,!,!,!,4000,!,!,!,26000,!,!,!,33700,!,!,2200,74500,2.9,*,2200,71200,3,*,!,!,!,!,!,7900,!,!,!,21000,!,!,!,26100,!,!
lacu:Richmond upon Thames,2200,111300,2,*,2200,104600,2.1,*,!,1200,!,!,!,4900,!,!,!,16200,!,!,!,43900,!,!,!,56600,!,!,!,52900,!,!,!,!,!,-,!,2700,!,!,!,7900,!,!,!,22300,!,!,1700,54700,3,*,1700,51700,3.2,*,!,1200,!,!,!,2100,!,!,!,8300,!,!,!,21600,!,!
lacu:Southwark,15800,204400,7.7,3,15800,200600,7.9,3.1,2600,4400,58.7,*,4000,13300,29.9,*,4000,71300,5.6,*,3800,76800,4.9,*,11600,104300,11.1,5.1,11600,101900,11.4,5.2,!,2100,!,!,3000,4300,68.7,*,3300,34000,9.7,*,3200,44200,7.1,*,4100,100200,4.1,*,4100,98700,4.2,*,!,!,!,!,!,9000,!,!,!,37200,!,!,!,32600,!,!
lacu:Sutton,6800,112000,6.1,2.9,6800,109300,6.3,3,!,2100,!,!,!,8400,!,!,!,23000,!,!,1600,47700,3.4,*,3300,57700,5.6,*,3300,55700,5.8,*,!,!,!,!,!,3000,!,!,!,9000,!,!,!,27400,!,!,3600,54300,6.6,*,3600,53700,6.7,*,!,1800,!,!,!,5400,!,!,!,14000,!,!,!,20300,!,!
lacu:Tower Hamlets,10600,189100,5.6,3.4,10600,186400,5.7,3.5,!,!,!,-,!,24400,!,!,!,80200,!,!,3100,65100,4.8,*,6000,112100,5.3,*,6000,111500,5.4,*,!,!,!,-,!,!,!,!,!,53200,!,!,!,45800,!,!,4600,77000,6,*,4600,74800,6.2,*,!,!,!,-,!,21600,!,!,!,27100,!,!,!,19400,!,!
lacu:Waltham Forest,15400,154300,10,3.7,15400,151200,10.2,3.8,2600,4000,65.9,*,!,7800,!,!,5000,40100,12.5,*,3900,63700,6.1,*,9400,82900,11.4,5.5,9400,80900,11.7,5.7,2600,4000,65.9,*,!,3800,!,!,3900,23600,16.7,*,!,31200,!,!,6000,71300,8.4,*,6000,70400,8.5,*,!,!,!,-,!,4000,!,!,!,16600,!,!,2900,32500,9,*
lacu:Wandsworth,6300,214600,2.9,*,5500,207800,2.7,*,!,4200,!,!,!,26100,!,!,!,75200,!,!,!,69300,!,!,4600,101700,4.6,*,4600,100200,4.6,*,!,2100,!,!,!,11100,!,!,!,35800,!,!,!,36700,!,!,!,112900,!,!,!,107600,!,!,!,!,!,!,!,15100,!,!,!,39400,!,!,!,32600,!,!
lacu:Westminster,16600,136500,12.2,5.1,16100,131300,12.3,5.3,!,3100,!,!,3700,6400,57.2,*,!,38400,!,!,!,53400,!,!,9300,76300,12.2,*,8800,72200,12.2,*,!,!,!,!,!,3700,!,!,!,19800,!,!,!,33000,!,!,7300,60200,12.2,*,7300,59200,12.4,*,!,!,!,!,2700,2700,100,-,!,18600,!,!,!,20400,!,!
country:England,1341700,28884000,4.6,0.2,1319800,27764100,4.8,0.2,206000,978800,21,1.7,273500,2530100,10.8,0.9,278300,6699700,4.2,0.3,290800,9497800,3.1,0.2,759900,15171500,5,0.2,745600,14526000,5.1,0.2,110400,492600,22.4,2.4,160300,1303500,12.3,1.4,159400,3557000,4.5,0.5,153700,4981600,3.1,0.3,581900,13712500,4.2,0.2,574200,13238100,4.3,0.2,95600,486200,19.7,2.3,113300,1226500,9.2,1.2,118800,3142700,3.8,0.5,137100,4516100,3,0.3
gor:London,299300,5059600,5.9,0.5,293100,4896500,6,0.5,32400,100800,32.1,7.3,53800,389900,13.8,3.3,73300,1471200,5,1,79100,1795100,4.4,0.7,166500,2678500,6.2,0.7,161900,2588700,6.3,0.8,14100,44700,31.6,10.5,32500,176900,18.4,5.4,38500,782900,4.9,1.5,44700,993100,4.5,1,132700,2381100,5.6,0.7,131200,2307800,5.7,0.7,18300,56100,32.6,10.1,21300,213000,10,3.9,34800,688200,5.1,1.4,34400,802000,4.3,1
,,,,,,,,,,,,,,,,,,,,,,,,,,,,,,,,,,,,,,,,,,,,,,,,,,,,,,,,,,,,,,,,,,,,,,,,
,,,,,,,,,,,,,,,,,,,,,,,,,,,,,,,,,,,,,,,,,,,,,,,,,,,,,,,,,,,,,,,,,,,,,,,,
,,,,,,,,,,,,,,,,,,,,,,,,,,,,,,,,,,,,,,,,,,,,,,,,,,,,,,,,,,,,,,,,,,,,,,,,
#,These figures are suppressed as statistically unreliable,,,,,,,,,,,,,,,,,,,,,,,,,,,,,,,,,,,,,,,,,,,,,,,,,,,,,,,,,,,,,,,,,,,,,,,
,,,,,,,,,,,,,,,,,,,,,,,,,,,,,,,,,,,,,,,,,,,,,,,,,,,,,,,,,,,,,,,,,,,,,,,,
!,Estimate and confidence interval not available since the group sample size,,,,,,,,,,,,,,,,,,,,,,,,,,,,,,,,,,,,,,,,,,,,,,,,,,,,,,,,,,,,,,,,,,,,,,,
,is zero or disclosive (0-2),,,,,,,,,,,,,,,,,,,,,,,,,,,,,,,,,,,,,,,,,,,,,,,,,,,,,,,,,,,,,,,,,,,,,,,
,,,,,,,,,,,,,,,,,,,,,,,,,,,,,,,,,,,,,,,,,,,,,,,,,,,,,,,,,,,,,,,,,,,,,,,,
*,Estimate and confidence interval unreliable since the group sample size is,,,,,,,,,,,,,,,,,,,,,,,,,,,,,,,,,,,,,,,,,,,,,,,,,,,,,,,,,,,,,,,,,,,,,,,
,small (3-9),,,,,,,,,,,,,,,,,,,,,,,,,,,,,,,,,,,,,,,,,,,,,,,,,,,,,,,,,,,,,,,,,,,,,,,
,,,,,,,,,,,,,,,,,,,,,,,,,,,,,,,,,,,,,,,,,,,,,,,,,,,,,,,,,,,,,,,,,,,,,,,,
-,These figures are missing.,,,,,,,,,,,,,,,,,,,,,,,,,,,,,,,,,,,,,,,,,,,,,,,,,,,,,,,,,,,,,,,,,,,,,,,
